{"NumModels": 1, "ModelIndexes": {"0": "Train_rank_3"}, "ModelDescriptions": [{"Name": "Train_rank_3", "ClassMaps": {"1": "HIGH", "2": "MEDIUM", "3": "STILL", "0": "Unknown"}, "ModelType": "PME", "FeatureNames": ["AccelerometerYDownsample_2", "AccelerometerYDownsample_09", "AccelerometerXDownsample_03"], "AIF": [1, 1, 1, 1, 1, 1, 1, 1, 1, 1, 1, 1, 1, 1, 1, 1, 1, 1], "Category": [1, 1, 1, 1, 1, 1, 2, 2, 2, 2, 2, 2, 3, 3, 3, 3, 3, 3], "Vector": [[0, 16, 233], [189, 128, 241], [16, 222, 98], [102, 255, 53], [187, 19, 255], [62, 0, 0], [205, 217, 135], [255, 176, 171], [245, 209, 216], [216, 215, 178], [230, 239, 122], [219, 237, 147], [229, 207, 117], [229, 204, 107], [229, 206, 113], [230, 205, 114], [231, 207, 114], [229, 206, 99]], "Identifiers": [0, 1, 2, 3, 4, 5, 6, 7, 8, 9, 10, 11, 12, 13, 14, 15, 16, 17], "DistanceMode": 0}]}